レア,名前,武器種,遮蔽物,役割,ポジション,クラス,学校,攻撃,防御,市街,屋外,屋内,射程距離,装備1,装備2,装備3,実装日,学年,部活,年齢,誕生日,身長,HP,攻撃力,治癒力,命中値,会心値,安定値,CC強化力,会心ダメージ,CC抵抗力,防御力,回避値,防御貫通値,コスト回復力
★2,アイリ,SMG,×,SPECIAL,BACK,サポーター,トリニティ,爆発,軽装備,2A,5D,2A,1000.0,シューズ,ヘアピン,ネックレス,2021/02/04,1年,放課後スイーツ部,15歳,1/30,160cm,20769(★5Lv90),2329(★5Lv90),6490(★5Lv90),99,199,1615,100,200%,100,20/107,1196,0,700
★1,アイリ（バンド）,SMG,○,STRIKER,FRONT,アタッカー,トリニティ,爆発,特殊装甲,3B,2A,5D,450.0,帽子,ヘアピン,お守り,2024/04/24,1年,放課後スイーツ部,15歳,1/30,160cm,41709(★5Lv90),3980(★5Lv90),5753(★5Lv90),111,254,1376,100,200%,100,/121,1062,0,700
★2,アカネ,HG,○,STRIKER,MIDDLE,サポーター,ミレニアム,貫通,軽装備,2A,2A,5D,550.0,シューズ,ヘアピン,ネックレス,2021/02/04,2年,Cleaning&Clearing,16歳,4/1,164cm,31358(★5Lv90),1368(★5Lv90),5763(★5Lv90),101,203,980,100,200%,100,19/107,1119,0,700
★3,アカネ（バニーガール）,HG,×,SPECIAL,BACK,アタッカー,ミレニアム,神秘,重装甲,3B,5D,1S,1000.0,帽子,ヘアピン,腕時計,2022/10/12,2年,Cleaning&Clearing,16歳,4/1,164cm,18304(★5Lv90),4031(★5Lv90),6545(★5Lv90),1131,251,1141,100,200%,100,66/347,1093,0,700
★2,アカリ,AR,○,STRIKER,MIDDLE,アタッカー,ゲヘナ,爆発,重装甲,2A,3B,3B,650.0,帽子,ヘアピン,腕時計,2021/02/04,3年,美食研究会,17歳,12/9,167cm,27651(★5Lv90),3832(★5Lv90),5652(★5Lv90),698,199,1400,100,200%,100,20/110,798,0,700
★3,アカリ（正月）,AR,×,SPECIAL,BACK,T.S,ゲヘナ,神秘,特殊装甲,3B,1S,5D,1000.0,シューズ,バッグ,腕時計,2024/03/06,3年,美食研究会,17歳,12/9,167cm,26054(★5Lv90),3510(★5Lv90),7123(★5Lv90),711,273,1454,100,200%,100,94/517,724,0,700
★3,アコ,HG,×,SPECIAL,BACK,サポーター,ゲヘナ,神秘,重装甲,5D,3B,1S,1000.0,グローブ,バッジ,ネックレス,2021/11/17,3年,風紀委員会,17歳,12/22,165cm,19565(★5Lv90),2055(★5Lv90),6870(★5Lv90),105,211,1086,100,200%,100,18/101,1039,0,700
★3,アコ（ドレス）,HG,○,STRIKER,MIDDLE,サポーター,ゲヘナ,爆発,特殊装甲,5D,1S,3B,550.0,シューズ,ヘアピン,腕時計,2024/01/24,3年,風紀委員会,17歳,12/22,165cm,28761(★5Lv90),2016(★5Lv90),6223(★5Lv90),439,219,900,100,200%,100,18/99,720,0,700
★1,アスナ,AR,○,STRIKER,MIDDLE,アタッカー,ミレニアム,神秘,軽装備,3B,3B,3B,650.0,グローブ,ヘアピン,腕時計,2021/02/04,3年,Cleaning&Clearing,17歳,3/24,167cm,28338(★5Lv90),3702(★5Lv90),5510(★5Lv90),681,243,1436,100,200%,100,20/113,778,0,700
★3,アスナ（バニーガール）,AR,○,STRIKER,MIDDLE,サポーター,ミレニアム,神秘,軽装備,5D,3B,1S,650.0,グローブ,バッジ,腕時計,2021/10/12,3年,Cleaning&Clearing,17歳,3/24,167cm,26154(★5Lv90),3036(★5Lv90),5958(★5Lv90),736,210,1324,100,200%,100,18/99,757,0,700
★3,アズサ,AR,○,STRIKER,MIDDLE,アタッカー,トリニティ,爆発,重装甲,3B,5D,1S,650.0,グローブ,ヘアピン,腕時計,2021/05/27,2年,補習授業部,16歳,12/26,149cm,27345(★5Lv90),2635(★5Lv90),5714(★5Lv90),706,201,1384,100,200%,100,19/105,792,0,700
★3,アズサ（水着）,AR,○,STRIKER,MIDDLE,アタッカー,トリニティ,神秘,軽装備,4C,4C,1S,650.0,グローブ,ヘアピン,腕時計,2021/06/30,2年,補習授業部,16歳,12/26,149cm,24141(★5Lv90),2937(★5Lv90),6370(★5Lv90),787,225,1224,100,200%,100,17/93,699,0,700
★3,アツコ,SMG,○,STRIKER,FRONT,タンク,アリウス,爆発,特殊装甲,3B,5D,1S,350.0,シューズ,バッジ,ネックレス,2022/06/08,1年,アリウススクワッド,15歳,1/20,158cm,56204(★5Lv90),1904(★5Lv90),6127(★5Lv90),108,216,1284,100,200%,100,27/151,1321,0,700
★1,アツコ（水着）,SMG,×,SPECIAL,BACK,ヒーラー,アリウス,振動,特殊装甲,3B,3B,3B,1000.0,シューズ,バッジ,ネックレス,2024/07/22,1年,アリウススクワッド,15歳,1/20,158cm,26451(★5Lv90),3464(★5Lv90),10550(★5Lv90),702,270,1477,100,200%,100,95/526,1103,0,700
★2,アヤネ,HG,×,SPECIAL,BACK,ヒーラー,アビドス,貫通,軽装備,5D,2A,2A,1000.0,シューズ,ヘアピン,ネックレス,2021/02/04,1年,対策委員会,15歳,11/12,153cm,23589(★5Lv90),1676(★5Lv90),9520(★5Lv90),97,195,1178,100,200%,100,25/140,1072,0,700
★1,アヤネ（水着）,HG,×,SPECIAL,BACK,T.S,アビドス,貫通,軽装備,4C,2A,3B,1000.0,グローブ,バッグ,腕時計,2022/06/22,1年,対策委員会,15歳,11/12,153cm,19778(★5Lv90),4020(★5Lv90),6801(★5Lv90),940,261,2194,100,200%,100,19/104,191,0,700
★3,アリス,RG,×,STRIKER,BACK,アタッカー,ミレニアム,神秘,特殊装甲,3B,5D,1S,850.0,帽子,ヘアピン,お守り,2021/03/25,1年,ゲーム開発部,??歳,3/25,152cm,18016(★5Lv.90),5859(★5Lv.90),6510(★5Lv.90),690,230,1188,100,200%,100,68/363,170,0,700
★3,アリス（メイド）,RG,×,STRIKER,BACK,アタッカー,ミレニアム,神秘,軽装備,1S,3B,5D,850.0,帽子,ヘアピン,腕時計,2023/04/26,1年,ゲーム開発部,??歳,3/25,152cm,20948(★5Lv90),5530(★5Lv90),5724(★5Lv90),606,202,1384,100,200%,100,79/434,197,0,700
★3,アル,SR,○,STRIKER,BACK,アタッカー,ゲヘナ,爆発,軽装備,1S,3B,5D,750.0,帽子,ヘアピン,腕時計,2021/02/04,2年,便利屋68,16歳,3/12,160cm,23837(★5Lv90),5134(★5Lv90),5694(★5Lv90),905,201,1988,100,200%,100,19/109,201,0,700
★3,アル（ドレス）,SR,○,STRIKER,BACK,サポーター,ゲヘナ,貫通,重装甲,5D,3B,1S,750.0,帽子,ヘアピン,ネックレス,2024/02/21,2年,便利屋68,16歳,3/12,160cm,21097(★5Lv90),3923(★5Lv90),5715(★5Lv90),908,201,1980,100,200%,100,17/94,198,0,700
★3,アル（正月）,SR,○,STRIKER,BACK,アタッカー,ゲヘナ,貫通,特殊装甲,5D,3B,1S,750.0,帽子,ヘアピン,腕時計,2021/12/29,2年,便利屋68,16歳,3/12,160cm,23727(★5Lv90),4396(★5Lv90),5720(★5Lv90),909,202,1976,100,200%,100,19/108,197,0,700
★3,イオリ,SR,○,STRIKER,BACK,アタッカー,ゲヘナ,貫通,重装甲,4C,4C,1S,650.0,帽子,ヘアピン,腕時計,2021/02/04,2年,風紀委員会,16歳,11/8,157cm,28399(★5Lv90),4457(★5Lv90),5497(★5Lv90),874,194,2056,100,200%,100,20/113,194,0,700
★3,イオリ（水着）,SR,○,STRIKER,BACK,アタッカー,ゲヘナ,爆発,特殊装甲,3B,1S,5D,750.0,シューズ,バッジ,腕時計,2021/07/29,2年,風紀委員会,16歳,11/8,157cm,21429(★5Lv90),4884(★5Lv90),6262(★5Lv90),995,221,1784,100,200%,100,17/98,178,0,700
★3,イズナ,SMG,○,STRIKER,FRONT,アタッカー,百鬼夜行,神秘,軽装備,1S,3B,5D,450.0,グローブ,ヘアピン,腕時計,2021/02/25,1年,忍術研究部,15歳,12/16,155cm,42921(★5Lv90),2568(★5Lv90),5590(★5Lv90),108,246,1416,100,200%,100,22/121,1066,0,700
★3,イズナ（水着）,SMG,○,STRIKER,FRONT,アタッカー,百鬼夜行,神秘,特殊装甲,5D,3B,1S,450.0,グローブ,ヘアピン,腕時計,2022/07/25,1年,忍術研究部,15歳,12/16,155cm,40217(★5Lv90),2701(★5Lv90),5952(★5Lv90),115,262,1324,100,200%,100,21/117,1024,0,700
★3,イズミ,MG,×,STRIKER,BACK,アタッカー,ゲヘナ,爆発,軽装備,1S,5D,3B,750.0,グローブ,ヘアピン,腕時計,2021/02/04,2年,美食研究会,16歳,5/11,161cm,24465(★5Lv90),2713(★5Lv90),5546(★5Lv90),97,244,1428,100,200%,100,81/427,195,0,700
★1,イズミ（水着）,MG,×,STRIKER,BACK,サポーター,ゲヘナ,爆発,軽装備,3B,2A,4C,750.0,シューズ,バッグ,ネックレス,2021/07/29,2年,美食研究会,16歳,5/11,161cm,23026(★5Lv90),3236(★5Lv90),5886(★5Lv90),103,207,1344,100,200%,100,76/421,192,0,700
★3,イチカ,AR,○,STRIKER,MIDDLE,アタッカー,トリニティ,振動,重装甲,1S,3B,5D,650.0,帽子,ヘアピン,腕時計,2023/09/27,2年,正義実現委員会,16歳,11/11,163cm,26465(★5Lv87),3783(★5Lv87),5603(★5Lv87),708,202,1380,100,200%,100,19/105,790,0,700
★1,イブキ,AR,○,STRIKER,MIDDLE,サポーター,ゲヘナ,神秘,重装甲,4C,3B,2A,650.0,グローブ,ヘアピン,ネックレス,2024/01/24,1年,万魔殿,11歳,4/14,128cm,26118(★5Lv90),3282(★5Lv90),5967(★5Lv90),737,210,1324,100,200%,100,18/103,756,0,700
★3,イロハ,HG,×,SPECIAL,BACK,T.S,ゲヘナ,神秘,重装甲,5D,3B,1S,1000.0,帽子,バッジ,腕時計,2022/04/27,2年,万魔殿,16歳,11/16,151cm,20797(★5Lv90),3830(★5Lv90),6480(★5Lv90),896,248,2309,100,200%,100,20/110,200,0,700
★3,ウイ,SR,○,STRIKER,BACK,サポーター,トリニティ,爆発,軽装備,3B,1S,5D,750.0,グローブ,ヘアピン,お守り,2022/02/23,3年,図書委員会,17歳,4/23,165cm,21757(★5Lv85),3155(★5Lv85),5705(★5Lv85),941,209,1908,100,200%,100,19/104,190,0,700
★3,ウイ（水着）,SR,○,STRIKER,BACK,サポーター,トリニティ,貫通,弾力装甲,3B,5D,1S,750.0,シューズ,ヘアピン,お守り,2023/07/24,3年,図書委員会,17歳,4/23,165cm,20965(★5Lv87),3472(★5Lv87),6087(★5Lv87),989,219,1800,100,200%,100,18/99,180,0,700
★2,ウタハ,SMG,×,SPECIAL,BACK,アタッカー,ミレニアム,貫通,重装甲,2A,5D,2A,1000.0,グローブ,ヘアピン,腕時計,2021/02/04,3年,エンジニア部,17歳,11/13,162cm,21124(★5Lv90),3233(★5Lv90),6382(★5Lv90),98,245,1638,100,200%,100,20/112,1176,0,700
★3,ウタハ（応援団）,SMG,×,STRIKER,FRONT,アタッカー,ミレニアム,神秘,特殊装甲,5D,3B,1S,450.0,帽子,ヘアピン,腕時計,2022/09/28,3年,エンジニア部,17歳,11/13,162cm,39750(★5Lv85),4589(★5Lv85),5518(★5Lv85),111,252,1384,100,200%,100,22/116,1067,0,700
★3,ウミカ,AR,○,STRIKER,MIDDLE,アタッカー,百鬼夜行,神秘,特殊装甲,3B,1S,5D,650.0,帽子,ヘアピン,腕時計,2024/03/27,1年,お祭り運営委員会,15歳,7/1,165cm,23924(★5Lv90),3777(★5Lv90),5674(★5Lv90),701,250,1396,100,200%,100,19/109,798,0,700
★3,エイミ,SG,×,STRIKER,FRONT,タンク,ミレニアム,爆発,軽装備,1S,3B,5D,350.0,シューズ,バッグ,お守り,2021/02/04,1年,特異現象捜査部,15歳,5/1,167cm,62605(★5Lv90),1576(★5Lv90),5535(★5Lv90),586,195,2044,100,200%,100,183/1010,234,0,700
★3,エイミ（水着）,SG,×,SPECIAL,BACK,サポーター,ミレニアム,神秘,特殊装甲,5D,1S,3B,1000.0,シューズ,バッグ,ネックレス,2023/12/06,1年,特異現象捜査部,15歳,5/1,167cm,25428(★5Lv87),3391(★5Lv87),6942(★5Lv87),545,272,2088,100,200%,100,94/506,181,0,700
★3,カエデ,HG,×,SPECIAL,BACK,サポーター,百鬼夜行,爆発,特殊装甲,1S,5D,3B,1000.0,シューズ,バッグ,ネックレス,2022/04/27,1年,修行部,15歳,7/9,142cm,19636(★5Lv90),2048(★5Lv90),6847(★5Lv90),105,210,1090,100,200%,100,18/101,1042,0,700
★3,カスミ,HG,○,STRIKER,MIDDLE,アタッカー,ゲヘナ,振動,重装甲,1S,3B,5D,550.0,グローブ,ヘアピン,腕時計,2023/09/27,2年,温泉開発部,16歳,5/24,148cm,29642(★5Lv87),2819(★5Lv87),5773(★5Lv87),104,208,956,100,200%,100,19/104,1053,0,700
★3,カズサ,MG,×,STRIKER,BACK,アタッカー,トリニティ,貫通,重装甲,1S,5D,3B,750.0,グローブ,ヘアピン,腕時計,2022/08/24,1年,放課後スイーツ部,15歳,8/5,155cm,23777(★5Lv90),3359(★5Lv90),5708(★5Lv90),100,201,1388,100,200%,100,79/435,198,0,700
★3,カズサ（バンド）,MG,×,STRIKER,BACK,アタッカー,トリニティ,爆発,特殊装甲,3B,1S,5D,750.0,グローブ,ヘアピン,腕時計,2024/04/24,1年,放課後スイーツ部,15歳,8/5,155cm,22990(★5Lv90),3810(★5Lv90),5893(★5Lv90),104,260,1340,100,200%,100,76/421,191,0,700
★3,カホ,AR,○,STRIKER,MIDDLE,アタッカー,百鬼夜行,神秘,重装甲,3B,1S,5D,650.0,帽子,ヘアピン,腕時計,2023/04/12,3年,陰陽部,17歳,10/9,173cm,26608(★5Lv87),3301(★5Lv87),5572(★5Lv87),704,201,1388,100,200%,100,19/109,794,0,700
★2,カヨコ,HG,○,STRIKER,MIDDLE,サポーター,ゲヘナ,爆発,重装甲,2A,5D,2A,550.0,シューズ,ヘアピン,ネックレス,2021/02/04,3年,便利屋68,18歳,3/17,157cm,32265(★5Lv90),1465(★5Lv90),5601(★5Lv90),98,197,1008,100,200%,100,20/111,1088,0,700
★3,カヨコ（ドレス）,HG,○,STRIKER,MIDDLE,アタッカー,ゲヘナ,貫通,軽装備,1S,3B,5D,550.0,帽子,ヘアピン,腕時計,2024/02/21,3年,便利屋68,18歳,3/17,157cm,31653(★5Lv90),2589(★5Lv90),5710(★5Lv90),403,201,988,100,200%,100,19/108,793,0,700
★3,カヨコ（正月）,HG,○,STRIKER,MIDDLE,サポーター,ゲヘナ,神秘,特殊装甲,3B,5D,1S,550.0,シューズ,ヘアピン,お守り,2023/03/22,3年,便利屋68,18歳,3/17,157cm,30269(★5Lv90),1755(★5Lv90),5954(★5Lv90),105,210,948,100,200%,100,18/99,1042,0,700
★3,カリン,SR,×,SPECIAL,BACK,アタッカー,ミレニアム,貫通,重装甲,5D,1S,3B,1000.0,帽子,ヘアピン,腕時計,2021/02/04,2年,Cleaning&Clearing,16歳,2/2,170cm,21322(★5Lv90),3842(★5Lv90),6319(★5Lv90),873,194,2364,100,200%,100,20/109,194,0,700
★3,カリン（バニーガール）,SR,○,STRIKER,BACK,アタッカー,ミレニアム,神秘,重装甲,5D,3B,1S,750.0,帽子,ヘアピン,腕時計,2021/09/29,2年,Cleaning&Clearing,16歳,2/2,170cm,24010(★5Lv90),4794(★5Lv90),5653(★5Lv90),898,199,2000,100,200%,100,20/110,200,0,700
★3,カンナ,HG,×,SPECIAL,BACK,アタッカー,ヴァルキューレ,貫通,重装甲,1S,5D,3B,1000.0,グローブ,バッジ,腕時計,2023/01/31,3年,公安局,17歳,9/7,166cm,(★5Lv85),(★5Lv85),(★5Lv85),792,211,1081,100,200%,100,62/329,1036,0,700
★3,カンナ（水着）,HG,○,STRIKER,MIDDLE,サポーター,ヴァルキューレ,爆発,軽装備,5D,1S,3B,550.0,シューズ,ヘアピン,お守り,2024/06/26,3年,公安局,17歳,9/7,166cm,28970(★5Lv90),2075(★5Lv90),6185(★5Lv90),109,218,904,100,200%,100,18/99,998,0,700
★3,キキョウ,SR,○,STRIKER,BACK,サポーター,百鬼夜行,振動,重装甲,1S,3B,5D,750.0,グローブ,ヘアピン,腕時計,2023/11/22,2年,百花繚乱紛争調停委員会,16歳,8/8,160cm,22720(★5Lv90),3454(★5Lv90),5955(★5Lv90),946,210,1892,100,200%,100,18/103,189,0,700
★3,キサキ,SMG,×,SPECIAL,BACK,サポーター,山海経,振動,弾力装甲,3B,5D,1S,1000.0,シューズ,バッジ,ネックレス,2024/09/25,3年,玄龍門,17歳,2/19,142cm,25954(★5Lv90),3521(★5Lv90),7147(★5Lv90),713,274,1449,100,200%,100,93/516,1082,0,700
★3,キララ,AR,○,STRIKER,MIDDLE,アタッカー,ゲヘナ,振動,軽装備,1S,3B,5D,650.0,グローブ,バッジ,腕時計,2024/05/08,2年,帰宅部→キラキラ部,16歳,2/24,159cm,26068(★5Lv90),3570(★5Lv90),5974(★5Lv90),738,263,1320,100,200%,100,18/103,755,0,700
★2,キリノ,HG,○,STRIKER,MIDDLE,サポーター,ヴァルキューレ,爆発,特殊装甲,5D,2A,2A,550.0,シューズ,バッジ,お守り,2021/08/26,1年,生活安全局,15歳,10/22,161cm,28896(★5Lv90),1567(★5Lv90),6198(★5Lv90),109,219,904,100,200%,100,18/99,995,0,700
★1,キリノ（水着）,HG,×,SPECIAL,BACK,サポーター,ヴァルキューレ,神秘,重装甲,3B,3B,3B,1000.0,シューズ,バッジ,腕時計,2024/06/26,1年,生活安全局,15歳,10/22,161cm,26450(★5Lv90),3466(★5Lv90),7036(★5Lv90),810,270,1053,100,200%,100,95/526,1011,0.0,700
★3,ココナ,AR,○,STRIKER,MIDDLE,ヒーラー,山海経,貫通,特殊装甲,1S,3B,5D,650.0,シューズ,ヘアピン,ネックレス,2022/09/21,1年,訓育支援部「梅花園」,11歳,6/1,139cm,27762(★5Lv90),2868(★5Lv90),9298(★5Lv90),766,219,1264,100,200%,100,22/124,723,0,700
★1,コタマ,HG,×,SPECIAL,BACK,サポーター,ミレニアム,爆発,軽装備,2A,4C,3B,1000.0,シューズ,ヘアピン,ネックレス,2021/02/04,3年,ヴェリタス,17歳,1/5,158cm,20684(★5Lv90),1951(★5Lv90),6520(★5Lv90),100,200,1145,100,200%,100,19/109,1101,0,700
★3,コタマ（キャンプ）,HG,○,STRIKER,MIDDLE,サポーター,ミレニアム,貫通,重装甲,3B,1S,5D,550.0,グローブ,バッジ,ネックレス,2023/12/27,3年,ヴェリタス,17歳,1/5,158cm,29286(★5Lv87),1810(★5Lv87),5837(★5Lv87),105,210,944,100,200%,100,18/103,1040,0,700
★1,コトリ,MG,×,STRIKER,BACK,サポーター,ミレニアム,貫通,軽装備,3B,3B,3B,750.0,シューズ,ヘアピン,ネックレス,2021/02/04,1年,エンジニア部,15歳,12/31,151cm,24109(★5Lv90),2594(★5Lv90),5629(★5Lv90),99,198,1404,100,200%,100,80/441,198,0,700
★3,コトリ（応援団）,MG,×,STRIKER,BACK,アタッカー,ミレニアム,爆発,特殊装甲,5D,3B,1S,750.0,帽子,ヘアピン,腕時計,2023/09/06,1年,エンジニア部,15歳,12/31,151cm,23196(★5Lv87),4304(★5Lv87),5555★5Lv87),100,200,1392,100,200%,100,79/426,199,0,700
★3,コハル,SR,○,STRIKER,BACK,ヒーラー,トリニティ,爆発,重装甲,5D,1S,3B,750.0,帽子,ヘアピン,ネックレス,2021/06/10,1年,正義実現委員会↓補習授業部,15歳,4/16,148cm,25965(★5Lv90),2900(★5Lv90),8708(★5Lv90),923,205,1948,100,200%,100,24/134,194,0,700
★1,コハル（水着）,SR,○,STRIKER,BACK,アタッカー,トリニティ,神秘,重装甲,3B,3B,3B,750.0,グローブ,ヘアピン,腕時計,2023/07/24,1年,補習授業部,15歳,4/16,148cm,22645(★5Lv90),3991(★5Lv90),5974(★5Lv90),950,211,1888,100,200%,100,18/103,188,0,700
★3,コユキ,MG,×,STRIKER,BACK,アタッカー,ミレニアム,神秘,重装甲,1S,5D,3B,750.0,グローブ,ヘアピン,腕時計,2023/03/08,1年,セミナー,15歳,2/14,149cm,21699(★5Lv85),4587(★5Lv85),5718(★5Lv85),104,209,1332,100,200%,100,76/398,190,0,700
★3,サオリ,AR,○,STRIKER,MIDDLE,アタッカー,アリウス,爆発,特殊装甲,3B,5D,1S,650.0,帽子,ヘアピン,腕時計,2022/08/09,2年,アリウススクワッド,17歳,9/3,167cm,26297(★5Lv87),2920(★5Lv87),5639(★5Lv87),712,203,1372,100,200%,100,19/104,785,0,700
★3,サオリ（水着）,AR,○,STRIKER,MIDDLE,アタッカー,アリウス,神秘,重装甲,5D,1S,3B,650.0,グローブ,ヘアピン,腕時計,2024/07/29,2年,アリウススクワッド,17歳,9/3,167cm,26289(★5Lv90),3396(★5Lv90),5931(★5Lv90),733,209,1332,100,200%,100,19/104,761,0,700
★3,サキ,MG,×,SPECIAL,BACK,アタッカー,SRT,貫通,特殊装甲,1S,5D,3B,1000.0,帽子,バッグ,ネックレス,2022/03/23,1年,RABBIT小隊,15歳,4/9,161cm,19436(★5Lv85),3815(★5Lv85),6366(★5Lv85),101,202,1582,100,200%,100,78/432,197,0,700
★3,サキ（水着）,MG,×,STRIKER,BACK,サポーター,SRT,爆発,重装甲,5D,3B,1S,750.0,グローブ,ヘアピン,腕時計,2023/06/21,1年,RABBIT小隊,15歳,4/9,161cm,20211(★5Lv90),3949(★5Lv90),5954(★5Lv90),420,210,1324,100,200%,100,49/273,189,0,700
★3,サクラコ,AR,○,STRIKER,MIDDLE,アタッカー,トリニティ,神秘,特殊装甲,5D,1S,3B,650.0,帽子,ヘアピン,腕時計,2023/02/10,3年,シスターフッド,17歳,10/4,160cm,27577(★5Lv90),3738(★5Lv90),5668(★5Lv90),700,200,1396,100,200%,100,19/106,799,0,700
★3,サクラコ（アイドル）,AR,○,STRIKER,MIDDLE,サポーター,トリニティ,爆発,重装甲,5D,1S,3B,650.0,グローブ,ヘアピン,腕時計,2024/10/23,3年,シスターフッド,17歳,10/4,160cm,27577(★5Lv90),2629(★5Lv90),5668(★5Lv90),700,200,1396,100,200%,100,19/109,799,0,700
★3,サツキ,HG,×,SPECIAL,BACK,アタッカー,ゲヘナ,爆発,重装甲,3B,1S,5D,1000.0,帽子,バッグ,腕時計,2024/11/20,3年,万魔殿,17歳,4/10,172cm,18177(★5Lv90),4382(★5Lv90),6591(★5Lv90),569,253,1132,100,200%,100,65/362,1086,0,700
★3,サヤ,HG,×,SPECIAL,BACK,アタッカー,山海経,爆発,軽装備,3B,5D,1S,1000.0,グローブ,ヘアピン,腕時計,2021/02/04,2年,練丹術研究会,16歳,1/3,149cm,21067(★5Lv90),2701(★5Lv90),6395(★5Lv90),98,245,1168,100,200%,100,20/112,1080,0,700
★3,サヤ（私服）,HG,×,SPECIAL,BACK,アタッカー,山海経,貫通,特殊装甲,5D,1S,3B,1000.0,グローブ,ヘアピン,腕時計,2021/09/09,2年,練丹術研究会,16歳,1/3,149cm,19099(★5Lv87),2802(★5Lv87),6692(★5Lv87),420,262,1090,100,200%,100,18/103,759,0,700
★3,シグレ,GL,○,STRIKER,MIDDLE,アタッカー,レッドウィンター,爆発,重装甲,5D,1S,3B,650.0,グローブ,ヘアピン,腕時計,2022/11/30,2年,227号特別クラス,16歳,1/22,156cm,25983(★5Lv90),3758(★5Lv90),5994(★5Lv90),105,211,940,100,200%,100,18/103,188,0,700
★3,シグレ（温泉）,GL,×,SPECIAL,BACK,ヒーラー,レッドウィンター,貫通,特殊装甲,3B,5D,1S,1000.0,シューズ,バッジ,ネックレス,2023/10/11,2年,227号特別クラス,16歳,1/22,156cm,26082(★5Lv90),3507(★5Lv90),10678(★5Lv90),820,273,1040,100,200%,100,94/518,631,0,700
★2,シズコ,SG,×,SPECIAL,BACK,サポーター,百鬼夜行,神秘,特殊装甲,2A,2A,3B,1000.0,シューズ,ヘアピン,ネックレス,2021/02/25,2年,お祭り運営委員会,16歳,7/7,153cm,39707(★5Lv90),2348(★5Lv90),6541(★5Lv90),602,200,2286,100,200%,100,119/656,200,0,700
★1,シズコ（水着）,SG,×,SPECIAL,BACK,サポーター,百鬼夜行,神秘,重装甲,3B,3B,3B,1000.0,シューズ,バッジ,ネックレス,2022/07/20,2年,お祭り運営委員会,16歳,7/7,153cm,(★5Lv90),(★5Lv90),(★5Lv90),653,217,2093,100,200%,100,109/600,182,0,700
★1,シミコ,AR,×,SPECIAL,BACK,サポーター,トリニティ,爆発,軽装備,4C,2A,3B,1000.0,シューズ,ヘアピン,ネックレス,2021/02/04,1年,図書委員会,15歳,11/30,157cm,20358(★5Lv90),2673(★5Lv90),6621(★5Lv90),712,203,1578,100,200%,100,19/107,813,0,700
★3,シュン,SR,○,STRIKER,BACK,アタッカー,山海経,爆発,軽装備,1S,3B,5D,750.0,グローブ,ヘアピン,腕時計,2021/02/04,3年,訓育支援部「梅花園」,極秘,2/5,174cm,23740(★5Lv90),4485(★5Lv90),5715(★5Lv90),908,252,1980,100,200%,100,19/108,201,0,700
★3,シュン（幼女）,SR,○,STRIKER,BACK,アタッカー,山海経,爆発,軽装備,1S,5D,3B,750.0,帽子,ヘアピン,腕時計,2021/08/26,3年,訓育支援部「梅花園」,極秘,2/5,未測定,21576(★5Lv80),5248(★5Lv80),5263(★5Lv80),902,200,1992,100,200%,100,19/99,199,0,700
★3,シロコ,AR,○,STRIKER,MIDDLE,アタッカー,アビドス,爆発,軽装備,1S,3B,5D,650.0,帽子,ヘアピン,腕時計,2021/02/04,2年,対策委員会,16歳,5/16,156cm,27319(★5Lv90),3878(★5Lv90),5720(★5Lv90),707,202,1384,100,200%,100,19/105,808,0,700
★3,シロコ（ライディング）,AR,○,STRIKER,MIDDLE,アタッカー,アビドス,神秘,重装甲,1S,3B,5D,650.0,グローブ,バッジ,腕時計,2021/08/12,2年,対策委員会,16歳,5/16,156cm,21555(★5Lv73),3336(★5Lv73),5260(★5Lv73),741,211,1316,100,200%,100,18/86,752,0,700
★3,シロコ（水着）,AR,×,SPECIAL,BACK,アタッカー,アビドス,神秘,軽装備,3B,1S,5D,1000.0,帽子,バッグ,腕時計,2023/07/17,2年,対策委員会,16歳,5/16,156cm,18105(★5Lv90),4236(★5Lv90),6616(★5Lv90),660,254,1582,100,200%,100,65/360,786,0,700
★3,シロコ＊テラー,AR,×,STRIKER,MIDDLE,アタッカー,アビドス,神秘,特殊装甲,5D,1S,2A,650.0,帽子,バッジ,腕時計,2024/07/22,3年,アビドス生徒会,17歳,5/16,165cm,27246(★5Lv90),3267(★5Lv90),5734(★5Lv90),709,253,1380,100,200%,100,19/108,789,0,700
★1,ジュリ,SG,×,SPECIAL,BACK,サポーター,ゲヘナ,爆発,軽装備,4C,3B,2A,1000.0,シューズ,ヘアピン,ネックレス,2021/02/04,1年,給食部,15歳,10/20,170cm,20387(★5Lv90),2370(★5Lv90),6610(★5Lv90),609,203,2263,100,200%,100,118/648,203,0,700
★2,ジュンコ,AR,○,STRIKER,MIDDLE,アタッカー,ゲヘナ,貫通,軽装備,3B,2A,3B,650.0,帽子,ヘアピン,腕時計,2021/02/04,1年,美食研究会,15歳,12/27,149cm,27786(★5Lv90),3813(★5Lv90),5624(★5Lv90),695,198,1408,100,200%,100,20/110,794,0,700
★1,ジュンコ（正月）,AR,○,STRIKER,MIDDLE,アタッカー,ゲヘナ,神秘,重装甲,3B,3B,3B,650.0,帽子,ヘアピン,腕時計,2022/12/28,1年,美食研究会,15歳,12/27,149cm,26239(★5Lv87),4060(★5Lv87),5649(★5Lv87),714,204,1368,100,200%,100,19/104,783,0,700
★1,スズミ,AR,○,STRIKER,MIDDLE,サポーター,トリニティ,爆発,重装甲,3B,3B,3B,650.0,シューズ,ヘアピン,ネックレス,2021/02/04,2年,トリニティ自警団,16歳,8/31,162cm,27995(★5Lv90),2680(★5Lv90),5581(★5Lv90),690,197,1416,100,200%,100,20/111,788,0,700
★3,スミレ,SG,×,STRIKER,FRONT,アタッカー,ミレニアム,貫通,特殊装甲,3B,5D,1S,450.0,帽子,バッグ,お守り,2021/02/04,2年,トレーニング部,16歳,8/20,167cm,38492(★5Lv90),2635(★5Lv90),5611(★5Lv90),594,198,2016,100,200%,100,121/665,198,0,700
★3,セナ,GL,×,SPECIAL,BACK,T.S,ゲヘナ,神秘,軽装備,3B,1S,5D,1000.0,シューズ,ヘアピン,ネックレス,2022/01/30,3年,救急医学部,17歳,4/7,155cm,18984(★5Lv90),2109(★5Lv90),7051(★5Lv90),108,216,1053,100,200%,100,18/101,1008,0,700
★2,セリカ,AR,○,STRIKER,MIDDLE,アタッカー,アビドス,爆発,軽装備,2A,5D,2A,650.0,グローブ,ヘアピン,腕時計,2021/02/04,1年,対策委員会,15歳,6/25,153cm,26902(★5Lv90),3936(★5Lv90),5805(★5Lv90),717,256,1364,100,200%,100,19/106,820,0,700
★3,セリカ（正月）,AR,×,SPECIAL,BACK,サポーター,アビドス,貫通,特殊装甲,4C,4C,1S,1000.0,シューズ,バッグ,腕時計,2022/01/12,1年,対策委員会,15歳,6/25,153cm,27345(★5Lv85),2724(★5Lv85),6847(★5Lv85),763,218,1463,100,200%,100,18/95,727,0,700
★3,セリカ（水着）,AR,×,SPECIAL,BACK,アタッカー,アビドス,神秘,重装甲,5D,3B,1S,1000.0,グローブ,バッグ,腕時計,2024/06/05,1年,対策委員会,15歳,6/25,153cm,17383(★5Lv90),4399(★5Lv90),6871(★5Lv90),686,263,1518,100,200%,100,62/345,755,0,700
★1,セリナ,AR,×,SPECIAL,BACK,ヒーラー,トリニティ,神秘,軽装備,2A,4C,3B,1000.0,シューズ,ヘアピン,ネックレス,2021/02/04,2年,救護騎士団,16歳,1/6,156cm,22852(★5Lv90),2334(★5Lv90),9831(★5Lv90),704,201,1596,100,200%,100,24/135,805,0,700
★3,セリナ（クリスマス）,AR,○,STRIKER,MIDDLE,サポーター,トリニティ,貫通,特殊装甲,5D,1S,3B,650.0,シューズ,ヘアピン,お守り,2022/12/14,2年,救護騎士団,16歳,1/6,156cm,25012(★5Lv90),2894(★5Lv90),6194(★5Lv90),765,218,1268,100,200%,100,18/99,724,0,700
★3,チアキ,AR,○,STRIKER,MIDDLE,アタッカー,ゲヘナ,振動,特殊装甲,1S,5D,3B,650.0,帽子,ヘアピン,お守り,2024/11/20,2年,万魔殿,16歳,9/22,167cm,27063(★5Lv90),4105(★5Lv90),5772(★5Lv90),713,203,1372,100,200%,100,19/107,784,0,700
★3,チェリノ,HG,○,STRIKER,MIDDLE,アタッカー,レッドウィンター,貫通,軽装備,3B,1S,5D,550.0,シューズ,バッジ,腕時計,2021/04/29,3年,レッドウィンター事務局,??歳,10/27,128cm,31396(★5Lv90),2403(★5Lv90),5754(★5Lv90),101,203,980,100,200%,100,19/107,1081,0,700
★3,チェリノ（温泉）,HG,×,SPECIAL,BACK,T.S,レッドウィンター,爆発,重装甲,1S,3B,5D,1000.0,帽子,ヘアピン,腕時計,2021/11/30,3年,レッドウィンター事務局,??歳,10/27,128cm,20500(★5 Lv90),2776(★5 Lv90),6575(★5 Lv90),101,252,1136,100,200%,100,19/108,1088,0,700
★2,チセ,GL,○,STRIKER,MIDDLE,アタッカー,百鬼夜行,神秘,重装甲,2A,5D,2A,650.0,グローブ,ヘアピン,腕時計,2021/02/04,2年,陰陽部,16歳,7/13,159cm,27688(★5Lv90),3088(★5Lv90),5645(★5Lv90),99,249,1000,100,200%,100,20/110,199,0,700
★3,チセ（水着）,GL,○,STRIKER,MIDDLE,サポーター,百鬼夜行,神秘,軽装備,3B,1S,5D,650.0,帽子,ヘアピン,ネックレス,2022/07/25,2年,陰陽部,16歳,7/13,159cm,27283(★5Lv90),3146(★5Lv90),5727(★5Lv90),101,202,988,100,200%,100,19/108,197,0,700
★1,チナツ,HG,×,SPECIAL,BACK,ヒーラー,ゲヘナ,貫通,軽装備,3B,3B,3B,1000.0,シューズ,ヘアピン,ネックレス,2021/02/04,1年,風紀委員会,15歳,8/22,159cm,23164(★5Lv90),1706(★5Lv90),9702(★5Lv90),99,198,1155,100,200%,100,25/137,1093,0,700
★3,チナツ（温泉）,HG,○,STRIKER,MIDDLE,サポーター,ゲヘナ,神秘,軽装備,5D,3B,1S,650.0,シューズ,バッジ,お守り,2021/11/30,1年,風紀委員会,15歳,8/22,159cm,25160(★5Lv90),1552(★5Lv90),6162(★5Lv90),108,217,908,100,200%,100,18/100,1002,0,700
★3,チヒロ,AR,×,SPECIAL,BACK,アタッカー,ミレニアム,貫通,重装甲,1S,5D,3B,1000.0,帽子,バッジ,ネックレス,2022/01/30,3年,ヴェリタス,17歳,4/26,160cm,19463(★5Lv85),3570(★5Lv85),6354(★5Lv85),708,202,1587,100,200%,100,19/105,789,0,700
★3,ツクヨ,SMG,○,STRIKER,FRONT,タンク,百鬼夜行,神秘,軽装備,3B,5D,1S,350.0,シューズ,バッジ,お守り,2022/05/11,1年,忍術研究部,15歳,4/5,180cm,55604(★5Lv90),1866(★5Lv90),6182(★5Lv90),109,218,1268,100,200%,100,27/149,1307,0,700
★2,ツバキ,SMG,×,STRIKER,FRONT,タンク,百鬼夜行,貫通,特殊装甲,2A,2A,5D,350.0,シューズ,バッグ,お守り,2021/02/04,2年,修行部,16歳,2/3,162cm,62240(★5Lv90),2392(★5Lv90),5570(★5Lv90),98,196,1420,100,200%,100,30/167,1416,0,700
★3,ツバキ（ガイド）,SMG,×,SPECIAL,BACK,サポーター,百鬼夜行,貫通,重装甲,5D,1S,3B,1000.0,シューズ,バッジ,ネックレス,2024/03/27,2年,修行部,16歳,2/3,162cm,26096(★5Lv90),3504(★5Lv90),7113(★5Lv90),710,273,1458,100,200%,100,94/519,1088,0,700
★3,ツルギ,SG,×,STRIKER,FRONT,アタッカー,トリニティ,貫通,重装甲,5D,3B,1S,450.0,グローブ,バッグ,お守り,2021/02/04,3年,正義実現委員会,17歳,6/24,162cm,43545(★5Lv90),5375(★5Lv90),5506(★5Lv90),642,243,2052,100,200%,100,138/762,175,0,700
★1,ツルギ（水着）,SG,×,STRIKER,FRONT,アタッカー,トリニティ,神秘,特殊装甲,3B,4C,2A,450.0,シューズ,バッグ,お守り,2021/06/30,3年,正義実現委員会,17歳,6/24,162cm,43018(★5Lv90),4803(★5Lv90),5577(★5Lv90),650,246,2028,100,200%,100,136/752,182,0,700
★3,トキ,AR,×,STRIKER,MIDDLE,アタッカー,ミレニアム,爆発,弾力装甲,1S,5D,3B,650.0,帽子,ヘアピン,腕時計,2023/02/22,1年,Cleaning&Clearing,16歳,8/16,165cm,26070(★5Lv85),3074(★5Lv85),5487(★5Lv85),704,201,1388,100,200%,100,19/104,795,0,700
★3,トキ（バニーガール）,AR,○,STRIKER,MIDDLE,アタッカー,ミレニアム,爆発,軽装備,3B,1S,5D,650.0,帽子,ヘアピン,腕時計,2023/04/26,1年,Cleaning&Clearing,16歳,8/16,165cm,27307(★5Lv90),3731(★5Lv90),5720(★5Lv90),707,252,1384,100,200%,100,19/108,791,0,700
★1,トモエ,SR,○,STRIKER,BACK,サポーター,レッドウィンター,貫通,特殊装甲,4C,3B,2A,750.0,グローブ,バッジ,腕時計,2021/11/30,3年,レッドウィンター事務局,17歳,11/10,165cm,22793(★5Lv90),3628(★5Lv90),5938(★5Lv90),944,209,1900,100,200%,100,19/104,190,0,700
★3,トモエ（チーパオ）,SR,×,SPECIAL,BACK,サポーター,レッドウィンター,神秘,特殊装甲,5D,3B,1S,1000.0,シューズ,バッジ,ネックレス,2024/08/21,3年,レッドウィンター事務局,17歳,11/10,165cm,26451(★5Lv90),3466(★5Lv90),7035(★5Lv90),540,270,2111,100,200%,100,95/526,183,0,700
★3,ナギサ,HG,×,SPECIAL,BACK,アタッカー,トリニティ,爆発,重装甲,5D,3B,1S,1000.0,帽子,バッグ,腕時計,2023/02/22,3年,ティーパーティー,17歳,7/4,160cm,18177(★5Lv90),3896(★5Lv90),9228(★5Lv90),759,202,1132,100,200%,100,65/361,977,0,700
★3,ナツ,SMG,×,STRIKER,FRONT,タンク,トリニティ,神秘,重装甲,5D,3B,1S,350.0,シューズ,バッグ,お守り,2021/10/27,1年,放課後スイーツ部,15歳,12/4,152cm,51719(★5Lv90),1970(★5Lv90),6126(★5Lv90),108,216,1100,100,200%,100,165/908,220,0,700
★3,ネル,SMG,○,STRIKER,FRONT,アタッカー,ミレニアム,貫通,軽装備,5D,1S,3B,450.0,帽子,バッジ,お守り,2021/02/04,3年,Cleaning&Clearing,17歳,8/17,146cm,38210(★5Lv90),2895(★5Lv90),5653(★5Lv90),99,274,1400,100,200%,100,17/93,958,0,700
★3,ネル（バニーガール）,SMG,○,STRIKER,FRONT,タンク,ミレニアム,爆発,重装甲,3B,1S,5D,450.0,シューズ,バッグ,お守り,2021/09/29,3年,Cleaning&Clearing,17歳,8/17,146cm,46040(★5Lv90),2107(★5Lv90),6198(★5Lv90),109,219,1264,100,200%,100,27/148,1303,0,700
★3,ノア,HG,○,STRIKER,MIDDLE,サポーター,ミレニアム,神秘,特殊装甲,5D,3B,1S,550.0,シューズ,ヘアピン,お守り,2022/09/28,2年,セミナー,16歳,4/13,161cm,30687(★5Lv87),1466(★5Lv87),5585(★5Lv87),100,201,988,100,200%,100,19/108,1090,0,700
★1,ノドカ,SMG,×,SPECIAL,BACK,サポーター,レッドウィンター,爆発,重装甲,3B,3B,3B,1000.0,グローブ,ヘアピン,ネックレス,2021/04/29,2年,227号特別クラス,16歳,2/20,147cm,20967(★5Lv90),2306(★5Lv90),6428(★5Lv90),98,197,1628,100,200%,100,20/90,1215,0,700
★3,ノドカ（温泉）,SMG,×,SPECIAL,BACK,ヒーラー,レッドウィンター,爆発,特殊装甲,3B,5D,1S,1000.0,シューズ,ヘアピン,ネックレス,2021/12/15,2年,227号特別クラス,16歳,02/20,147cm,21081(★5Lv90),2236(★5Lv90),10584(★5Lv90),108,216,1472,100,200%,100,22/125,1099,0,700
★2,ノノミ,MG,×,STRIKER,BACK,アタッカー,アビドス,貫通,軽装備,2A,2A,5D,750.0,帽子,ヘアピン,腕時計,2021/02/04,2年,対策委員会,16歳,9/1,160cm,24133(★5Lv90),3660(★5Lv90),5623(★5Lv90),99,198,1408,100,200%,100,80/442,198,0,700
★3,ノノミ（水着）,MG,×,STRIKER,BACK,アタッカー,アビドス,爆発,特殊装甲,1S,5D,3B,750.0,帽子,ヘアピン,腕時計,2022/06/22,2年,対策委員会,16歳,9/1,160cm,23875(★5Lv90),3810(★5Lv90),5684(★5Lv90),100,251,1392,100,200%,100,79/437,199,0,700
★2,ハスミ,SR,○,STRIKER,BACK,アタッカー,トリニティ,貫通,重装甲,3B,2A,3B,750.0,帽子,ヘアピン,腕時計,2021/02/04,3年,正義実現委員会,17歳,12/12,179cm,24047(★5Lv90),4766(★5Lv90),5642(★5Lv90),897,199,2004,100,200%,100,20/110,199,0,700
★1,ハスミ（体操服）,SR,○,STRIKER,BACK,アタッカー,トリニティ,神秘,特殊装甲,3B,4C,2A,850.0,帽子,ヘアピン,腕時計,2022/10/26,3年,正義実現委員会,17歳,12/12,179cm,20295(★5Lv87),4124(★5Lv87),5613(★5Lv87),912,202,1972,100,200%,100,19/105,197,0,700
★2,ハナエ,AR,×,SPECIAL,BACK,ヒーラー,トリニティ,爆発,重装甲,2A,5D,2A,1000.0,シューズ,ヘアピン,ネックレス,2021/02/04,1年,救護騎士団,15歳,5/12,150cm,23589(★5Lv90),2260(★5Lv90),9520(★5Lv90),682,195,1647,100,200%,100,25/140,780,0,700
★3,ハナエ（クリスマス）,AR,×,SPECIAL,BACK,ヒーラー,トリニティ,神秘,特殊装甲,3B,5D,1S,1000.0,シューズ,バッグ,ネックレス,2022/12/14,1年,救護騎士団,15歳,5/12,150cm,20967(★5Lv90),2617(★5Lv90),10631(★5Lv90),707,217,1463,100,200%,100,75/405,728,0,700
★2,ハナコ,AR,×,SPECIAL,BACK,ヒーラー,トリニティ,貫通,特殊装甲,2A,5D,2A,1000.0,シューズ,ヘアピン,ネックレス,2021/05/27,2年,補習授業部,16歳,1/3,161cm,23306(★5Lv90),2289(★5Lv90),9642(★5Lv90),691,197,1628,100,200%,100,25/138,809,0,700
★3,ハナコ（水着）,AR,○,STRIKER,MIDDLE,アタッカー,トリニティ,振動,重装甲,1S,2A,5D,650.0,帽子,ヘアピン,腕時計,2023/08/02,2年,補習授業部,16歳,1/3,161cm,27528(★5Lv90),4219(★5Lv90),5675(★5Lv90),701,200,1396,100,200%,100,19/109,797,0,700
★1,ハルカ,SG,×,STRIKER,FRONT,タンク,ゲヘナ,爆発,軽装備,4C,3B,2A,350.0,シューズ,バッグ,お守り,2021/02/04,1年,便利屋68,15歳,5/13,157cm,61959(★5Lv90),1619(★5Lv90),5596(★5Lv90),593,197,2020,100,200%,100,182 /816(Lv70) /1000(Lv90),237,0,700
★3,ハルカ（正月）,SG,×,SPECIAL,BACK,サポーター,ゲヘナ,爆発,軽装備,4C,1S,4C,1000.0,シューズ,バッグ,腕時計,2023/03/22,1年,便利屋68,15歳,5/13,157cm,18786(★5Lv90),2978(★5Lv90),7114(★5Lv90),546,218,2084,100,200%,100,60/331,181,0,700
★3,ハルナ,SR,○,STRIKER,BACK,アタッカー,ゲヘナ,神秘,重装甲,1S,5D,3B,750.0,帽子,ヘアピン,腕時計,2021/02/04,3年,美食研究会,17歳,3/1,163cm,23322(★5Lv90),5212(★5Lv90),5815(★5Lv90),924,205,1944,100,200%,100,19/106,205,0,700
★3,ハルナ（体操服）,SR,×,SPECIAL,BACK,ヒーラー,ゲヘナ,振動,重装甲,1S,3B,5D,1000.0,シューズ,バッグ,ネックレス,2023/09/15,3年,美食研究会,17歳,3/1,163cm,26436(★5Lv90),3466(★5Lv90),10556(★5Lv90),540,270,2111,100,200%,100,95/511,183,0,700
★3,ハルナ（正月）,SR,○,STRIKER,BACK,アタッカー,ゲヘナ,爆発,軽装備,5D,1S,3B,750.0,グローブ,ヘアピン,腕時計,2022/12/28,3年,美食研究会,17歳,3/1,163cm,22879(★5Lv90),4644(★5Lv90),5918(★5Lv90),941,209,1908,100,200%,100,19/104,190,0,700
★2,ハレ,AR,×,SPECIAL,BACK,サポーター,ミレニアム,爆発,軽装備,2A,3B,3B,1000.0,シューズ,ヘアピン,ネックレス,2021/02/04,2年,ヴェリタス,16歳,4/19,153cm,20287(★5Lv90),2681(★5Lv90),6642(★5Lv90),714,204,1573,100,200%,100,19/107,816,0,700
★3,ハレ（キャンプ）,AR,○,STRIKER,MIDDLE,サポーター,ミレニアム,爆発,軽装備,5D,1S,3B,650.0,帽子,ヘアピン,お守り,2023/12/27,2年,ヴェリタス,16歳,4/19,153cm,26358(★5Lv87),2144(★5Lv87),5626(★5Lv87),711,203,1376,100,200%,100,19/108,787,0,700
★3,ヒナ,MG,×,STRIKER,BACK,アタッカー,ゲヘナ,爆発,重装甲,1S,4C,4C,750.0,帽子,ヘアピン,腕時計,2021/02/04,3年,風紀委員会,17歳,2/19,142cm,24059(★5Lv90),3541(★5Lv90),5639(★5Lv90),99,199,1404,100,200%,100,80/440,199,0,700
★3,ヒナタ,HG,○,STRIKER,MIDDLE,アタッカー,トリニティ,神秘,重装甲,5D,1S,3B,650.0,帽子,ヘアピン,腕時計,2022/02/23,3年,シスターフッド,17歳,5/17,166cm,27270(★5Lv90),2422(★5Lv90),5728(★5Lv90),101,202,984,100,200%,100,19/108,1086,0,700
★3,ヒナタ（水着）,HG,×,SPECIAL,BACK,アタッカー,トリニティ,爆発,軽装備,5D,1S,3B,1000.0,帽子,バッグ,腕時計,2023/07/24,3年,シスターフッド,17歳,5/17,166cm,17860(★5Lv87),4047(★5Lv87),6377(★5Lv87),750,250,1145,100,200%,100,66/365,1098,0,700
★3,ヒナ（ドレス）,MG,×,STRIKER,BACK,アタッカー,ゲヘナ,爆発,弾力装甲,5D,2A,1S,750.0,帽子,バッジ,腕時計,2024/01/31,3年,風紀委員会,17歳,2/19,142cm,20924(★5Lv90),4823(★5Lv90),5763(★5Lv90),101,203,1372,100,200%,100,68/377,176,357,700
★3,ヒナ（水着）,MG,×,STRIKER,BACK,アタッカー,ゲヘナ,爆発,重装甲,3B,1S,5D,750.0,帽子,ヘアピン,腕時計,2021/07/29,3年,風紀委員会,17歳,2/19,142cm,22236(★5Lv85),3966(★5Lv85),5588(★5Lv85),102,204,1364,100,200%,100,78/409,195,0,700
★3,ヒビキ,MT,×,SPECIAL,BACK,アタッカー,ミレニアム,爆発,重装甲,1S,3B,3B,1000.0,帽子,ヘアピン,腕時計,2021/02/04,1年,エンジニア部,15歳,4/2,154cm,20599(★5Lv90),3426(★5Lv90),6545(★5Lv90),100,201,1141,100,200%,100,79/437,201,0,700
★1,ヒビキ（応援団）,MT,×,STRIKER,BACK,アタッカー,ミレニアム,爆発,軽装備,3B,4C,2A,850.0,グローブ,ヘアピン,腕時計,2022/09/28,1年,エンジニア部,15歳,4/2,154cm,18675(★5Lv83),8530(★5Lv83),5671(★5Lv83),105,263,944,100,200%,100,75/388,188,0,700
★3,ヒフミ,AR,○,STRIKER,MIDDLE,サポーター,トリニティ,貫通,軽装備,5D,1S,3B,650.0,シューズ,ヘアピン,ネックレス,2021/02/04,2年,補習授業部,16歳,11/27,158cm,26786(★5Lv87),2635(★5Lv87),5536(★5Lv87),699,199,1400,100,200%,100,20/107,799,0,700
★3,ヒフミ（水着）,AR,×,SPECIAL,BACK,T.S,トリニティ,貫通,重装甲,5D,3B,1S,1000.0,帽子,ヘアピン,腕時計,2021/07/15,2年,補習授業部,16歳,11/27,158cm,19361(★5Lv87),3735(★5Lv87),6610(★5Lv87),726,259,1546,100,200%,100,19/102,769,0,700
★3,ヒマリ,HG,×,SPECIAL,BACK,サポーター,ミレニアム,貫通,軽装備,1S,3B,5D,1000.0,シューズ,ヘアピン,腕時計,2022/11/16,3年,特異現象捜査部,17歳,12/10,162cm,30119(★5Lv90),3056(★5Lv90),6202(★5Lv90),714,238,1201,100,200%,100,109/599,1151,0,700
★3,ヒヨリ,SR,×,SPECIAL,BACK,サポーター,アリウス,爆発,軽装備,3B,5D,1S,1000.0,グローブ,バッグ,腕時計,2022/05/24,2年,アリウススクワッド,16歳,1/8,155cm,19566(★5Lv90),2958(★5Lv90),6869(★5Lv90),949,211,2171,100,200%,100,18/103,188,0,700
★3,ヒヨリ（水着）,SR,○,STRIKER,BACK,アタッカー,アリウス,貫通,重装甲,5D,1S,3B,750.0,帽子,ヘアピン,腕時計,2024/07/29,2年,アリウススクワッド,16歳,1/8,155cm,23789(★5Lv90),5336(★5Lv90),5704(★5Lv90),907,201,1984,100,200%,100,19/109,198,0.0,700
★1,フィーナ,MG,×,STRIKER,BACK,アタッカー,百鬼夜行,貫通,軽装備,2A,3B,4C,750.0,グローブ,ヘアピン,腕時計,2021/02/04,1年,お祭り運営委員会,17歳,11/3,165cm,24576(★5Lv90),3530(★5Lv90),5519(★5Lv90),97,243,1432,100,200%,100,81/437,195,0,700
★2,フウカ,SMG,×,SPECIAL,BACK,ヒーラー,ゲヘナ,爆発,重装甲,2A,2A,4C,1000.0,シューズ,ヘアピン,ネックレス,2021/02/04,2年,給食部,16歳,4/30,159cm,23447(★5Lv90),2023(★5Lv90),9582(★5Lv90),98,196,1638,100,200%,100,25/139,1177,0,700
★3,フウカ（正月）,SMG,×,SPECIAL,BACK,サポーター,ゲヘナ,貫通,特殊装甲,3B,5D,1S,1000.0,シューズ,バッジ,ネックレス,2022/12/28,2年,給食部,16歳,4/30,159cm,21124(★5Lv90),3469(★5Lv90),7045(★5Lv90),703,270,1477,100,200%,100,76/419,1101,0,700
★1,フブキ,SR,○,STRIKER,BACK,アタッカー,ヴァルキューレ,貫通,重装甲,2A,3B,4C,750.0,帽子,ヘアピン,腕時計,2022/01/26,1年,生活安全局,15歳,10/21,148cm,23765(★5Lv90),3445(★5Lv90),5711(★5Lv90),908,252,1980,100,200%,100,19/108,198,0,700
★3,フブキ（水着）,SR,×,SPECIAL,BACK,アタッカー,ヴァルキューレ,爆発,重装甲,3B,1S,5D,1000.0,帽子,バッグ,腕時計,2024/06/26,1年,生活安全局,15歳,10/21,148cm,18205(★5Lv90),4216(★5Lv90),6582(★5Lv90),505,252,2272,100,200%,100,65/362,197,0.0,700
★3,ホシノ,SG,×,STRIKER,FRONT,タンク,アビドス,貫通,重装甲,5D,1S,3B,350.0,シューズ,バッグ,お守り,2021/02/04,3年,対策委員会,17歳,1/2,145cm,59722(★5Lv90),2433(★5Lv90),5802(★5Lv90),615,205,1948,100,200%,100,175/963,246,0,700
★3,ホシノ（水着）,SG,×,STRIKER,FRONT,サポーター,アビドス,爆発,特殊装甲,1S,2A,5D,450.0,シューズ,バッグ,お守り,2022/07/20,3年,対策委員会,17歳,1/2,145cm,38675(★5Lv90),2781(★5Lv90),6156(★5Lv90),717,271,1824,100,200%,100,123/676,164,0,700
★3,ホシノ（臨戦）,SG,×,STRIKER,FRONT,タンク,アビドス,神秘,重装甲,2A,1S,5D,350.0,帽子,バッグ,腕時計,2024/07/22,3年,対策委員会,17歳,1/2,145cm,61115(★5Lv90),1694(★5Lv90),4538(★5Lv90),601,200,1992,100,200%,100,229/986,239,0,700
★3,ホシノ（臨戦）,SG,×,STRIKER,FRONT,アタッカー,アビドス,神秘,重装甲,2A,1S,5D,350.0,帽子,バッグ,腕時計,2024/07/22,3年,対策委員会,17歳,1/2,145cm,20368(★5Lv90),4532(★5Lv90),5674(★5Lv90),601,200,1992,100,200%,100,29/164,179,0,700
★3,マキ,MG,×,STRIKER,BACK,アタッカー,ミレニアム,貫通,軽装備,4C,1S,4C,750.0,グローブ,ヘアピン,腕時計,2021/02/04,1年,ヴェリタス,15歳,8/1,149cm,24391(★5Lv90),3151(★5Lv90),5562(★5Lv90),98,245,1424,100,200%,100,81/447,196,0,700
★3,マコト,SR,×,SPECIAL,BACK,アタッカー,ゲヘナ,貫通,特殊装甲,5D,3B,1S,1000.0,グローブ,バッグ,腕時計,2024/01/24,3年,万魔殿,18歳,3/19,169cm,17341(★5Lv90),4411(★5Lv90),6889(★5Lv90),529,264,2162,100,200%,100,62/344,188,0,700
★3,マシロ,SR,×,SPECIAL,BACK,アタッカー,トリニティ,爆発,重装甲,3B,1S,5D,1000.0,帽子,ヘアピン,腕時計,2021/02/11,1年,正義実現委員会,15歳,6/5,155cm,25835(★5Lv90),3957(★5Lv90),6510(★5Lv90),900,200,2300,100,200%,100,20/110,200,0,700
★3,マシロ（水着）,SR,×,SPECIAL,BACK,アタッカー,トリニティ,神秘,軽装備,3B,1S,5D,1000.0,帽子,ヘアピン,腕時計,2021/06/30,1年,正義実現委員会,15歳,6/5,155cm,18262(★5Lv90),4427(★5Lv90),7282(★5Lv90),1006,223,2024,100,200%,100,17/96,176,0,700
★3,マリナ,SMG,○,STRIKER,FRONT,タンク,レッドウィンター,貫通,軽装備,5D,3B,1S,350.0,シューズ,バッジ,お守り,2022/03/09,2年,レッドウィンター事務局,16歳,11/4,166cm,55446(★5Lv90),2026(★5Lv90),6197(★5Lv90),109,218,1264,100,200%,100,27/148,1303,0,700
★3,マリナ（チーパオ）,SMG,○,STRIKER,FRONT,アタッカー,レッドウィンター,貫通,重装甲,5D,1S,3B,350.0,グローブ,ヘアピン,腕時計,2024/08/21,2年,レッドウィンター事務局,16歳,11/4,166cm,38512(★5Lv90),3738(★5Lv90),5981(★5Lv90),105,211,1320,100,200%,100,16/91,1018,0,700
★2,マリー,HG,×,SPECIAL,BACK,サポーター,トリニティ,神秘,特殊装甲,5D,2A,2A,1000.0,グローブ,バッグ,ネックレス,2021/10/27,1年,シスターフッド,15歳,9/12,151cm,19608(★5Lv90),2049(★5Lv90),6856(★5Lv90),105,210,1086,100,200%,100,18/103,1041,0,700
★3,マリー（アイドル）,HG,○,STRIKER,MIDDLE,ヒーラー,トリニティ,爆発,重装甲,5D,1S,3B,550.0,シューズ,ヘアピン,ネックレス,2024/10/23,1年,シスターフッド,15歳,9/12,151cm,32070(★5Lv90),2842(★5Lv90),9305(★5Lv90),109,219,904,100,200%,100,20/112,596,0,700
★3,マリー（体操服）,HG,○,STRIKER,MIDDLE,ヒーラー,トリニティ,神秘,特殊装甲,3B,5D,1S,550.0,シューズ,ヘアピン,ネックレス,2022/10/26,1年,シスターフッド,15歳,9/12,151cm,32156(★5Lv90),1670(★5Lv90),9286(★5Lv90),109,218,904,100,200%,100,22/124,996,0,700
★3,ミカ,SMG,○,STRIKER,FRONT,アタッカー,トリニティ,貫通,軽装備,5D,2A,1S,450.0,帽子,バッジ,腕時計,2023/01/24,3年,ティーパーティー,17歳,5/8,157cm,41733(★5Lv90),3446(★5Lv90),5749(★5Lv90),111,25,1376,100,200%,100,22/121,1417,0,700
★3,ミサキ,RL,○,STRIKER,BACK,アタッカー,アリウス,爆発,特殊装甲,3B,5D,1S,850.0,グローブ,ヘアピン,腕時計,2022/05/24,2年,アリウススクワッド,16歳,1/13,163cm,21009(★5Lv90),7643(★5Lv90),5707(★5Lv90),756,252,988,100,200%,100,19/109,198,0,700
★1,ミチル,SG,×,STRIKER,FRONT,アタッカー,百鬼夜行,神秘,軽装備,3B,3B,3B,450.0,帽子,ヘアピン,腕時計,2022/04/27,3年,忍術研究部,17歳,2/22,153cm,36538(★5Lv87),3734(★5Lv87),5603(★5Lv87),607,202,1976,100,200%,100,118/633,197,0,700
★3,ミドリ,SR,○,STRIKER,BACK,アタッカー,ミレニアム,貫通,軽装備,3B,1S,5D,750.0,グローブ,ヘアピン,腕時計,2021/04/08,1年,ゲーム開発部,15歳,12/8,143cm,23678(★5Lv90),4384(★5Lv90),5731(★5Lv90),911,202,1972,100,200%,100,19/108,197,0,700
★3,ミドリ（メイド）,SR,○,STRIKER,BACK,アタッカー,ミレニアム,振動,軽装備,5D,1S,3B,750.0,帽子,ヘアピン,腕時計,2024/05/22,1年,ゲーム開発部,15歳,12/8,143cm,23900(★5Lv90),3113(★5Lv90),5678(★5Lv90),902,200,1992,100,200%,100,19/109,199,0,700
★3,ミナ,HG,○,STRIKER,MIDDLE,サポーター,山海経,爆発,重装甲,5D,3B,1S,550.0,グローブ,ヘアピン,お守り,2023/05/24,2年,玄龍門,16歳,9/9,166cm,25659(★5Lv85),2077(★5Lv85),5715(★5Lv85),418,209,952,100,200%,100,16/89,762,0,700
★3,ミネ,SG,×,STRIKER,FRONT,タンク,トリニティ,爆発,軽装備,3B,1S,5D,350.0,シューズ,バッグ,お守り,2023/01/11,3年,救護騎士団,17歳,11/23,168cm,55666(★5Lv90),2314(★5Lv90),6176(★5Lv90),654,218,1816,100,200%,100,163/898,218,0,700
★1,ミネ（アイドル）,SG,×,STRIKER,FRONT,タンク,トリニティ,爆発,重装甲,3B,3B,3B,350.0,シューズ,バッグ,お守り,2024/10/23,3年,救護騎士団,17歳,11/23,168cm,50840(★5Lv90),3240(★5Lv90),5298(★5Lv90),702,234,1656,100,200%,100,149/821,199,0,700
★3,ミノリ,AR,×,SPECIAL,BACK,アタッカー,レッドウィンター,爆発,特殊装甲,5D,3B,1S,1000.0,帽子,バッグ,腕時計,2023/06/07,3年,工務部,17歳,7/14,158cm,18219(★5Lv90),4213(★5Lv90),6578(★5Lv90),656,252,1592,100,200%,100,65/362,791,0,700
★3,ミモリ,HG,○,STRIKER,MIDDLE,サポーター,百鬼夜行,神秘,軽装備,1S,5D,3B,550.0,グローブ,バッグ,ネックレス,2022/02/09,2年,修行部,16歳,3/15,156cm,30293(★5Lv90),1873(★5Lv90),5951(★5Lv90),105,210,948,100,200%,100,18/103,1043,0,700
★3,ミモリ（水着）,HG,×,SPECIAL,BACK,サポーター,百鬼夜行,神秘,特殊装甲,3B,5D,1S,1000.0,シューズ,バッジ,ネックレス,2023/08/16,2年,修行部,16歳,03/15,156cm,25332 (★5Lv87),3402 (★5Lv87),6965 (★5Lv87),820,273,1040,100,200%,100,94/518,997,0,700
★3,ミヤコ,SMG,○,STRIKER,FRONT,タンク,SRT,貫通,重装甲,1S,5D,3B,350.0,シューズ,バッジ,お守り,2022/03/23,1年,RABBIT小隊,15歳,1/7,156cm,55812(★5Lv90),1807(★5Lv90),6162(★5Lv90),108,217,1272,100,200%,100,27/150,1312,0,700
★3,ミヤコ（水着）,SMG,○,STRIKER,FRONT,タンク,SRT,爆発,重装甲,5D,3B,1S,350.0,グローブ,バッジ,お守り,2023/06/21,1年,RABBIT小隊,15歳,1/7,156cm,56825(★5Lv87),2069(★5Lv87),5772(★5Lv87),521,208,1340,100,200%,100,28/157,1264,0,700
★3,ミユ,SR,○,STRIKER,BACK,サポーター,SRT,貫通,軽装備,1S,3B,5D,750.0,グローブ,ヘアピン,腕時計,2022/04/06,1年,RABBIT小隊,15歳,7/12,149cm,22015(★5Lv87),3568(★5Lv87),5837(★5Lv87),948,210,1888,100,200%,100,18/103,189,0,700
★1,ミユ（水着）,SR,×,SPECIAL,BACK,アタッカー,SRT,爆発,軽装備,4C,3B,2A,1000.0,帽子,ヘアピン,腕時計,2023/06/21,1年,RABBIT小隊,15歳,7/12,149cm,28491(★5Lv90),3238(★5Lv90),6574(★5Lv90),504,252,2277,100,200%,100,103/566,198,0,700
★2,ムツキ,MG,×,STRIKER,BACK,アタッカー,ゲヘナ,爆発,軽装備,2A,2A,5D,750.0,帽子,ヘアピン,腕時計,2021/02/04,2年,便利屋68,16歳,7/29,144cm,24084(★5Lv90),2643(★5Lv90),5635(★5Lv90),99,199,1404,100,200%,100,80/441,199,0,700
★3,ムツキ（正月）,MG,×,STRIKER,BACK,アタッカー,ゲヘナ,神秘,重装甲,5D,1S,3B,750.0,グローブ,バッジ,腕時計,2021/12/29,2年,便利屋68,16歳,7/29,144cm,22793(★5Lv90),5181(★5Lv90),5939(★5Lv90),104,209,1328,100,200%,100,76/418,190,0,700
★3,メグ,FT,×,STRIKER,FRONT,アタッカー,ゲヘナ,爆発,特殊装甲,5D,1S,3B,450.0,グローブ,バッグ,腕時計,2023/01/31,3年,温泉開発部,17歳,4/25,164cm,36448(★5Lv90),2401(★5Lv90),5913(★5Lv90),1044,261,1336,100,200%,100,127/680,191,0,700
★3,メル,HG,○,STRIKER,MIDDLE,アタッカー,レッドウィンター,貫通,軽装備,3B,1S,5D,550.0,シューズ,ヘアピン,腕時計,2023/08/23,2年,知識解放戦線,16歳,12/21,137cm,28454(★5Lv87),5680(★5Lv87),5986(★5Lv87),108,270,916,100,200%,100,18/98,1011,0,700
★3,モエ,HG,×,SPECIAL,BACK,アタッカー,SRT,貫通,軽装備,5D,3B,1S,1000.0,帽子,バッグ,腕時計,2022/08/24,1年,RABBIT小隊,15歳,9/13,163cm,19897(★5Lv87),2696(★5Lv87),6438(★5Lv87),404,202,1136,100,200%,100,19/105,791,0,700
★3,モエ（水着）,HG,○,STRIKER,MIDDLE,アタッカー,SRT,振動,特殊装甲,5D,3B,1S,550.0,シューズ,ヘアピン,腕時計,2024/07/10,1年,RABBIT小隊,15歳,9/13,163cm,29337(★5Lv90),3255(★5Lv90),6119(★5Lv90),432,216,916,100,200%,100,18/101,735,0,700
★2,モミジ,RL,○,STRIKER,BACK,アタッカー,レッドウィンター,振動,重装甲,2A,2A,5D,850.0,帽子,ヘアピン,腕時計,2023/08/23,1年,知識解放戦線,15歳,8/7,135cm,20911(★5Lv90),12592(★5Lv90),5734(★5Lv90),759,202,984,100,200%,100,19/108,197,0,700
★2,モモイ,AR,○,STRIKER,MIDDLE,アタッカー,ミレニアム,貫通,軽装備,2A,2A,5D,650.0,シューズ,ヘアピン,腕時計,2021/04/08,1年,ゲーム開発部,15歳,12/8,143cm,28350(★5Lv90),2946(★5Lv90),5507(★5Lv90),681,194,1436,100,200%,100,20/113,821,0,700
★3,モモイ（メイド）,AR,○,STRIKER,MIDDLE,アタッカー,ミレニアム,振動,軽装備,5D,1S,3B,650.0,帽子,ヘアピン,腕時計,2024/05/22,1年,ゲーム開発部,15歳,12/8,143cm,27333(★5Lv90),2937(★5Lv90),5717(★5Lv90),707,202,1384,100,200%,100,19/108,791,0,700
★2,ユウカ,SMG,○,STRIKER,FRONT,タンク,ミレニアム,爆発,重装甲,3B,3B,2A,350.0,シューズ,バッジ,お守り,2021/02/04,2年,セミナー,16歳,3/14,156cm,61214(★5Lv90),1508(★5Lv90),5663(★5Lv90),100,200,1396,100,200%,100,29/164,1440,0,700
★3,ユウカ（体操服）,SMG,○,STRIKER,FRONT,タンク,ミレニアム,神秘,特殊装甲,3B,5D,1S,450.0,シューズ,バッグ,ネックレス,2022/10/26,2年,セミナー,16歳,3/14,156cm,46750(★5Lv90),1983(★5Lv90),6119(★5Lv90),108,216,1284,100,200%,100,27/151,1323,0,700
★3,ユカリ,SR,×,STRIKER,BACK,アタッカー,百鬼夜行,振動,重装甲,1S,3B,5D,750.0,帽子,ヘアピン,腕時計,2023/11/08,1年,百花繚乱紛争調停委員会,15歳,6/16,155cm,23137(★5Lv87),4431(★5Lv87),5570(★5Lv87),905,201,1988,100,200%,100,19/106,198,0,700
★3,ユズ,GL,○,STRIKER,MIDDLE,アタッカー,ミレニアム,貫通,特殊装甲,1S,3B,5D,650.0,帽子,ヘアピン,腕時計,2021/05/13,1年,ゲーム開発部,16歳,08/12,150cm,26964(★5Lv90),4964(★5Lv90),5792(★5Lv90),102,191,976,100,240%,100,19/107,195,0,700
★1,ユズ（メイド）,GL,×,SPECIAL,BACK,アタッカー,ミレニアム,爆発,弾力装甲,3B,4C,2A,1000.0,グローブ,バッジ,腕時計,2023/04/26,1年,ゲーム開発部,16歳,08/12,150cm,26708(★5Lv87),3247(★5Lv87),6650(★5Lv87),783,261,1095,100,200%,100,99/532,191,0,700
★1,ヨシミ,AR,×,SPECIAL,BACK,アタッカー,トリニティ,貫通,重装甲,3B,3B,3B,1000.0,帽子,ヘアピン,腕時計,2021/02/04,1年,放課後スイーツ部,15歳,8/29,146cm,20542(★5Lv90),3740(★5Lv90),6561(★5Lv90),705,201,1596,100,200%,100,19/109,806,0,700
★3,ヨシミ（バンド）,AR,○,STRIKER,MIDDLE,アタッカー,トリニティ,爆発,特殊装甲,3B,1S,5D,650.0,帽子,ヘアピン,腕時計,2024/04/24,1年,放課後スイーツ部,15歳,8/29,146cm,27307(★5Lv90),3660(★5Lv90),5720(★5Lv90),707,252,1384,100,200%,100,19/108,791,0,700
★3,ルミ,SMG,○,STRIKER,FRONT,ヒーラー,山海経,爆発,重装甲,4C,4C,1S,450.0,グローブ,ヘアピン,ネックレス,2023/05/24,3年,玄武商会,17歳,3/5,168cm,39947(★5Lv90),1873(★5Lv90),8981(★5Lv90),528,211,1316,100,200%,100,23/129,1036,0,700
★3,レイサ,SG,×,STRIKER,FRONT,タンク,トリニティ,貫通,重装甲,5D,3B,1S,350.0,シューズ,バッグ,お守り,2023/05/10,1年,トリニティ自警団,15歳,5/31,153cm,55592(★5Lv90),2380(★5Lv90),6184(★5Lv90),655,218,1812,100,200%,100,163/897,217,0,700
★3,レイジョ,AR,○,STRIKER,MIDDLE,サポーター,山海経,神秘,重装甲,5D,1S,3B,650.0,グローブ,ヘアピン,腕時計,2024/09/25,3年,玄武商会,17歳,3/3,169cm,26350(★5Lv90),4326(★5Lv90),5918(★5Lv90),731,209,1336,100,200%,100,19/104,763,0,700
★3,レンゲ,SR,○,STRIKER,BACK,アタッカー,百鬼夜行,振動,重装甲,1S,3B,5D,750.0,帽子,ヘアピン,腕時計,2023/11/22,2年,百花繚乱紛争調停委員会,16歳,7/23,157cm,22994(★5Lv87),4206(★5Lv87),5603(★5Lv87),910,202,1976,100,200%,100,19/108,197,0,700
★3,ワカモ,SR,○,STRIKER,BACK,アタッカー,百鬼夜行,神秘,軽装備,2A,5D,1S,750.0,帽子,ヘアピン,腕時計,2022/01/26,3年(推定),無所属,18歳,4/3,161cm,23740(★5Lv90),4866(★5Lv90),5717(★5Lv90),909,202,1976,100,200%,100,19/108,197,0,700
★3,ワカモ（水着）,SR,○,STRIKER,BACK,アタッカー,百鬼夜行,貫通,重装甲,1S,5D,3B,750.0,帽子,ヘアピン,腕時計,2022/06/22,3年(推定),無所属,18歳,4/3,161cm,23604(★5Lv90),5126(★5Lv90),5749(★5Lv90),914,203,1968,100,200%,100,19/108,196,0,700
★1,佐天涙子,SMG,×,SPECIAL,BACK,アタッカー,柵川中学,貫通,特殊装甲,4C,2A,3B,1500.0,帽子,バッグ,ネックレス,2023/10/24,1年,-,12歳,-,160cm,27534(★5Lv87),3155(★5Lv87),6461(★5Lv87),659,253,1582,100,200%,100,102/563,1182,0,700
★3,初音ミク,GL,×,SPECIAL,BACK,サポーター,その他,爆発,軽装備,1S,5D,3B,1000.0,シューズ,バッジ,ネックレス,2021/11/03,1年(推定),-,16歳,8/31,158cm,18744(★5Lv90),2559(★5Lv90),7127(★5Lv90),109,218,1040,100,200%,100,18/99,181,0,700
★3,御坂美琴,AR,○,STRIKER,MIDDLE,アタッカー,常盤台中学,貫通,重装甲,5D,1S,3B,650.0,グローブ,ヘアピン,腕時計,2023/10/24,2年,-,14歳,5/2,161cm,25584(★5Lv87),3181(★5Lv87),5785(★5Lv87),731,208,1336,100,200%,100,19/104,764,0,700
★3,食蜂操祈,HG,○,STRIKER,MIDDLE,サポーター,常盤台中学,爆発,重装甲,1S,4C,4C,550.0,シューズ,ヘアピン,ネックレス,2023/10/24,2年,-,14歳,-,-,28133(★5Lv87),2886(★5Lv87),6043(★5Lv87),109,218,908,100,200%,100,18/97,999,0,700
